keyword,language,topic,topicColor,keywordColor,limitPages,ratioNew
'avalancha',es,Hazard,#4287f5,#022f78,3,0.2880866321192074
'destrucción avalanchas',es,Hazard,#4287f5,#022f78,1,0.2610031249999999
'desastre avalancha',es,Hazard,#4287f5,#022f78,1,0.2426889570045311
'avalanchas muertos',es,Hazard,#4287f5,#022f78,1,0.2382679828348436
'avalancha de placa',es,Hazard,#4287f5,#022f78,1,0.2240237990848436
'cambio climático de avalanchas',es,Causes,#a89216,#d8c379,1,0.2223307056294687
'accidente mortal avalancha',es,Hazard,#4287f5,#022f78,1,0.2218526562499999
'daños por avalancha',es,Hazard,#4287f5,#022f78,1,0.20055112569749367
'nieve y avalanchas',es,Causes,#a89216,#d8c379,1,0.1996829357040553
