index,published,keyword,domain,language,valid,de,title,description,en,la,url,image,archive,content,quote,added
e9e6861d0cbc2f09303c4b2b21b87380,2026-02-02T15:27:41Z,'Perros de búsqueda en avalanchas',www.abc.es,es,0.3,"Mario Picazo warnt vor starken Regenfällen, die Spanien treffen werden: „Der Hahn ist aufgedreht und er wird diese Woche nicht aufhören.“ Das Wochenende brachte nach mehreren Tagen anhaltenden Regens in Teilen Spaniens eine leichte und pünktliche Atempause. Obwohl die Sonne zeitweise in der Mitte und im Süden erschien, sind Wolken und Instabilität immer noch vorhanden und werden weiterhin vorhanden sein. Das hat er vorhergesagt...",Mario Picazo alerta de la llegada de fuertes lluvias que van a afectar a España: «Ha abierto el grifo y no parará esta semana»,"El fin de semana dejó una ligera y puntual tregua tras varios días de lluvias persistentes en parte de España. Aunque el sol asomó por momentos en puntos del centro y el sur, las nubes y la inestabilidad siguen y van a seguir presentes. Así lo ha pronosticado…","Mario Picazo warns of the arrival of heavy rains that will affect Spain: ""The tap has been turned on and it will not stop this week."" The weekend left a slight and punctual respite after several days of persistent rain in part of Spain. Although the sun appeared at times in points in the center and south, clouds and instability are still and will continue to be present. This is what he predicted...","Mario Picazo monet adventum imbrium gravibus qui Hispaniam afficient: ""Ictum in versa est et hac septimana non cessabit"". Volutpat remissio levis et punctualis post aliquot dies imbrem assiduum in parte Hispaniae. Sol licet interdum in punctis medij et meridionalis apparuerit, nubes et instabilitas sunt adhuc et pergunt adesse. Hoc est quod praedixit...",https://www.abc.es/recreo/mario-picazo-alerta-llegada-fuertes-lluvias-afectar-espana-20260202170000-nt.html,https://s3.abcstatics.com/abc/www/multimedia/recreo/2026/02/02/picazo-lluvia.jpg,http://web.archive.org/web/20260203035216/https://www.abc.es/recreo/mario-picazo-alerta-llegada-fuertes-lluvias-afectar-espana-20260202170000-nt.html,"El fin de semana dejó una ligera y puntual tregua tras varios días de lluvias persistentes en parte de España. Aunque el sol asomó por momentos en puntos del centro y el sur, las nubes y la inestabil… [+2714 chars]",,2026-02-10 05:15:55+00:00
43b087af50c8f6ed61e68125c5c5abd9,2026-02-03T15:08:36Z,'Perros de búsqueda en avalanchas',www.abc.es,es,0.3,Wie lange wird es in Madrid noch regnen? Das Aemet liefert die Wettervorhersage für diese Stadt. Der Regen bleibt auch zu Beginn des Jahres der Hauptprotagonist. Leonardo ist der bisher sechste Sturm mit besonderen Auswirkungen im Jahr 2026 in unserem Land und äußert sich in sehr anhaltenden Regenfällen in vielen Teilen Spaniens. Aufgrund dieser Episode m...,¿Hasta cuándo va a seguir lloviendo en Madrid? La Aemet da la previsión del tiempo en esta ciudad,La lluvia sigue siendo la gran protagonista en este inicio de año . Leonardo es la sexta borrasca de especial impacto en lo que va de 2026 en nuestro país y se está manifestando con lluvias muy persistentes en muchas partes de España. Debido a este episodio m…,How long will it continue to rain in Madrid? The Aemet gives the weather forecast in this city. Rain continues to be the main protagonist at this beginning of the year. Leonardo is the sixth storm of special impact so far in 2026 in our country and it is manifesting itself with very persistent rains in many parts of Spain. Due to this episode m...,Usquequo pluet Matriti? Tempestas Providemus Aemet in hac urbe dat. Pluviis pergit primas esse principale hoc initio anni. Leonardus sextus tempestas peculiaris impulsus in nostra patria usque 2026 est et se manifestat in multis partibus Hispaniae imbribus assiduissimis. Ob hoc facto m...,https://www.abc.es/espana/madrid/seguir-lloviendo-madrid-aemet-prevision-tiempo-ciudad-20260203160832-nt.html,https://s3.abcstatics.com/abc/www/multimedia/espana/2026/02/03/lluvia-madrid.jpg,http://web.archive.org/web/20260203225540/https://www.abc.es/espana/madrid/seguir-lloviendo-madrid-aemet-prevision-tiempo-ciudad-20260203160832-nt.html,La lluvia sigue siendo la gran protagonista en este inicio de año. Leonardo es la sexta borrasca de especial impacto en lo que va de 2026 en nuestro país y se está manifestando con lluvias muy persis… [+1845 chars],,2026-02-10 05:15:55+00:00
64c4799d94e4a46195c13360118210ec,2026-02-04T05:05:26Z,'Perros de búsqueda en avalanchas',www.abc.es,es,0.3,"Jorge Rey macht Spanien in höchster Alarmbereitschaft für das Wetter, das in den nächsten Stunden kommt: Überschwemmungen und Stürme in diesen Gebieten. Wir sind mitten in einem neuen Sturm namens Leonardo, vor dem die staatliche Wetterbehörde (Aemet) eine Sonderwarnung an Spanien aussprechen musste. Dies warnt die Bürger vor „starkem und außergewöhnlichem Regen...“",Jorge Rey pone en alerta máxima a España por el tiempo que llega en las próximas horas: inundaciones y tormentas en estas zonas,"Nos encontramos inmersos en el paso de una nueva borrasca , bautizada como Leonardo, por la que la Agencia Estatal de Meteorología (Aemet) ha tenido que lanzar un aviso especial a España. Este avisa a los ciudadanos de «lluvias intensas y extraordinariamente …","Jorge Rey puts Spain on high alert for the weather that arrives in the next few hours: floods and storms in these areas. We are immersed in the passage of a new storm, named Leonardo, for which the State Meteorological Agency (Aemet) has had to issue a special warning to Spain. This warns citizens of ""heavy and extraordinarily rainy...","Jorge Rey Hispaniam in altum vigilat pro tempestate quae paucis horis proximis advenit: inundationes et tempestates in his locis. In transitu novae tempestatis, Leonardo nomine, ob quam Civitas Meteorologica Agency (Aemet) singularem admonitionem in Hispaniam habuit. Hoc monet cives ""gravis et extraordinarius pluviosus...",https://www.abc.es/recreo/jorge-rey-pone-alerta-maxima-espana-tiempo-20260204123530-nt.html,https://s3.abcstatics.com/abc/www/multimedia/recreo/2026/02/04/rey-lluvia-kYHF--1024x512@diario_abc.jpg,http://web.archive.org/web/20260204123244/https://www.abc.es/recreo/jorge-rey-pone-alerta-maxima-espana-tiempo-20260204123530-nt.html,"Nos encontramos inmersos en el paso de una nueva borrasca, bautizada como Leonardo, por la que la Agencia Estatal de Meteorología (Aemet) ha tenido que lanzar un aviso especial a España. Este avisa a… [+2508 chars]",,2026-02-10 05:15:55+00:00
c847d081436cc53cc09fc4d9f82de9a3,2026-02-06T06:07:32Z,'Perros de búsqueda en avalanchas',www.mundodeportivo.com,es,0.3,"Tomàs Molina, historischer TV3-Meteorologe: „Ich mache eine Prognose: Es wird Olympische Winterspiele in Katalonien geben.“ An diesem Freitag werden die Olympischen Winterspiele Mailand-Cortina 2026 eröffnet, eine großartige Veranstaltung, die nach zwei aufeinanderfolgenden Stationen in Asien (2018 Pyeonchang und 2022 Peking) nach Europa zurückkehrt und auch im Jahr 2030 auf dem alten Kontinent bleiben wird.","Tomàs Molina, histórico meteorólogo de TV3: ""Hago un pronóstico: habrá unos Juegos Olímpicos de invierno en Catalunya""","Este viernes se inauguran los Juegos Olímpicos de invierno Milán-Cortina 2026, una gran cita que regresa a Europa tras dos pasos por Asia consecutivos (2018 Pyeonchang y 2022 Pekín), y que se quedarán en el Viejo Continente también en 2030.","Tomàs Molina, historic TV3 meteorologist: ""I make a forecast: there will be a Winter Olympic Games in Catalonia."" This Friday the Milan-Cortina 2026 Winter Olympic Games open, a great event that returns to Europe after two consecutive stops in Asia (2018 Pyeonchang and 2022 Beijing), and which will also remain in the Old Continent in 2030.","Tomàs Molina, astrologus historicus TV3: ""Prospicere facio: Olympia Hiemalia in Catalonia erunt"". Hoc Veneris die Mediolanum-Cortina 2026 Olympia hiemalia aperta sunt, magnus eventus qui in Europam redit post duas terminationes in Asia (2018 Pyeonchang et 2022 Beijing), et qui etiam in Continente Vetere 2030 manebunt.",https://www.mundodeportivo.com/juegos-olimpicos/juegos-olimpicos-invierno/20260206/1002613743/tomas-molina-historico-meteorologo-tv3-pronostico-habra-juegos-olimpicos-invierno-catalunya.html,https://www.mundodeportivo.com/files/og_thumbnail/files/fp/uploads/2025/09/22/68d185283599f.r_d.913-436-8518.jpeg,http://web.archive.org/web/20260206062820/https://www.mundodeportivo.com/juegos-olimpicos/juegos-olimpicos-invierno/20260206/1002613743/tomas-molina-historico-meteorologo-tv3-pronostico-habra-juegos-olimpicos-invierno-catalunya.html,"Este viernes se inauguran los Juegos Olímpicos de invierno Milán-Cortina 2026, una gran cita que regresa a Europa tras dos pasos por Asia consecutivos (2018 Pyeonchang y 2022 Pekín), y que se quedará… [+2069 chars]",,2026-02-10 05:15:55+00:00
aa9cbf291fc3e717f3429f9e6adc776c,2026-02-06T16:54:28Z,'Perros de búsqueda en avalanchas',www.abc.es,es,0.3,"Die Überschwemmungen der Flüsse halten mehrere Teile von Castilla y León in Alarmbereitschaft, wobei Palencia auf Stufe 1 liegt. Die Stürme und der entsprechende Regen lassen keine Pause. Eine kumulierte Niederschlagsmenge, die zu Flussüberschwemmungen führt, um verschiedene Teile der Gemeinschaft vor der Gefahr von Überschwemmungen zu warnen. In Palencia war der Territorialdelegierte von…",La crecida de los ríos mantiene en alerta a varios puntos de Castilla y León con Palencia en nivel 1,"Las borrascas y su lluvia correspondiente no dan tregua. Un nivel de precipitaciones acumulado que hace que las crecidas de los ríos mantengan en alerta a varios puntos de la Comunidad ante los riesgos de inundaciones. En Palencia, el delegado territorial de …","The flooding of the rivers keeps several parts of Castilla y León on alert with Palencia at level 1. The storms and their corresponding rain give no respite. An accumulated level of precipitation that causes river flooding to keep various parts of the Community on alert against the risk of flooding. In Palencia, the territorial delegate of…","Inundatio amnium varias partes Castillae y Leon in aequo cum Palentiano custodit 1. Tempestates et pluviae correspondentes nullam requiem dant. Exaggeratus gradus praecipitationis facit flumen inundationem ut varias partes communitatis custodiat contra periculum inundationis vigilans. In Palentia, delegatus territorii ...",https://www.abc.es/espana/castilla-leon/crecida-rios-mantienen-alerta-varios-puntos-comunidad-20260206175422-nt.html,https://s3.abcstatics.com/abc/www/multimedia/espana/2026/02/06/carrion-palencia-U60660371847nQD-1024x512@diario_abc.jpg,http://web.archive.org/web/20260206174104/https://www.abc.es/espana/castilla-leon/crecida-rios-mantienen-alerta-varios-puntos-comunidad-20260206175422-nt.html,Las borrascas y su lluvia correspondiente no dan tregua. Un nivel de precipitaciones acumulado que hace que las crecidas de los ríos mantengan en alerta a varios puntos de la Comunidad ante los riesg… [+3760 chars],,2026-02-10 05:15:55+00:00
d934437fb573484aa2da42c7caeff50d,2026-02-08T10:30:43Z,'Perros de búsqueda en avalanchas',www.mundodeportivo.com,es,0.3,"Schockierende Bilder aus Sevilla: Die Warnung vor Regen, Wind und Sturm geht mit der Ankunft des Sturms Marta weiter. Spanien hat das Jahr 2026 in einer Zeit großer meteorologischer Instabilität begonnen. Bereits im Januar war die Iberische Halbinsel mit aufeinanderfolgenden Atlantikstürmen und Tiefdruckgebieten konfrontiert, die zu heftigen Regenfällen führten...","Impactantes imágenes desde Sevilla: sigue la alerta por lluvias, vientos y tormentas con la llegada de la borrasca Marta","España ha comenzado el 2026 sumida en un periodo de gran inestabilidad meteorológica. Ya el mes de enero, la Península Ibérica tuvo que afrontar sucesivas borrascas atlánticas y sistemas de baja presión que tuvieron como consecuencia episodios de lluvia inten…","Shocking images from Seville: the alert for rain, winds and storms continues with the arrival of Storm Marta. Spain has begun 2026 immersed in a period of great meteorological instability. Already in the month of January, the Iberian Peninsula had to face successive Atlantic storms and low pressure systems that resulted in episodes of intense rain...","Horrenda imagines ab Isidorum: Intenti ad pluvias, ventos et procellas pergit cum adventu Storm Marta. Hispania 2026 in periodo magnae instabilitatis meteorologicae baptizatus incepit. Iam mense Ianuario, Peninsula Hiberica debebat obvenire tempestates Atlanticas continuos et systemata pressa humilis, quae evenerunt in episodiis pluviae vehementis...",https://www.mundodeportivo.com/actualidad/20260208/1002616829/impactantes-imagenes-sevilla-sigue-alerta-lluvias-vientos-tormentas-llegada-borrasca-marta-dct.html,https://www.mundodeportivo.com/files/og_thumbnail/uploads/2026/02/08/69886129e8bcd.jpeg,,"España ha comenzado el 2026 sumida en un periodo de gran inestabilidad meteorológica. Ya el mes de enero, la Península Ibérica tuvo que afrontar sucesivas borrascas atlánticas y sistemas de baja pres… [+672 chars]",,2026-02-10 05:15:55+00:00
812ca2dc3b558b7e1d08613091da0906,2026-02-08T10:55:32Z,'Perros de búsqueda en avalanchas',www.mundodeportivo.com,es,0.3,"Bestätigt: Meteocat warnt vor weiteren Regenfällen ab diesem Zeitpunkt in Barcelona. Der Januar endete mit Regen, und der Februar scheint vorerst nicht viel Erholung zu bringen. Und obwohl wir in den letzten Tagen mehr sonnige Tage hatten, ist das Wetter weiterhin instabil, mit einem kalten Winter und viel Schnee in den katalanischen Bergen...",Confirmado: el Meteocat avisa de la llegada de más lluvias a Barcelona a partir de esta hora,"Enero acabó cargado de lluvias y, de momento, febrero no parece que vaya a dar muchas treguas. Y es que aunque en los últimos días hemos tenido más jornadas de sol, el tiempo sigue siendo inestable, con un invierno frío y mucha nieve en las montañas catalanas…","Confirmed: Meteocat warns of the arrival of more rain in Barcelona starting at this time. January ended up full of rain and, for now, February does not seem to be going to give many respites. And although in recent days we have had more sunny days, the weather continues to be unstable, with a cold winter and a lot of snow in the Catalan mountains...","Confirmatur: Meteocat monet de adventu pluvie Barcinone incipiendo hoc tempore. Ianuarius plenus pluviae confecit et, nunc Februarius multas moras daturus esse non videtur. Et quamvis his diebus apriciores dies habuimus, tempestas instabilis est, cum hieme frigida et multa nivis in montibus Catalanici.",https://www.mundodeportivo.com/actualidad/20260208/1002616790/confirmado-meteocat-avisa-llegada-mas-lluvias-barcelona-partir-hora-dct.html,https://www.mundodeportivo.com/files/og_thumbnail/files/fp/uploads/2025/07/13/687346bfe0182.r_d.2336-1219-0.jpeg,http://web.archive.org/web/20260209062316/https://www.mundodeportivo.com/actualidad/20260208/1002616790/confirmado-meteocat-avisa-llegada-mas-lluvias-barcelona-partir-hora-dct.html,"Enero acabó cargado de lluvias y, de momento, febrero no parece que vaya a dar muchas treguas. Y es que aunque en los últimos días hemos tenido más jornadas de sol, el tiempo sigue siendo inestable, … [+2532 chars]",,2026-02-10 05:15:55+00:00
6649384b2b6e0ac656c0fe20dd38ce00,2026-02-02T17:00:57Z,'Planes de evacuación locales',www.motorpasion.com,es,0.3,"Die DGT verlangt die Registrierung eines Elektrorollers. Überraschung: Es gibt bereits technische Ausfälle, die den Anmeldevorgang blockieren. Nicht ohne viele Hindernisse wurde der Königliche Erlass genehmigt, um Elektroroller im DGT-Fahrzeugregister registrieren zu können. Das bedeutet, dass sie endlich über eine Pflichtversicherung verfügen müssen, um sich legal bewegen zu können, was ich schon jetzt tun sollte …",La DGT obliga a registrar un patinete eléctrico. Sorpresa: ya hay fallos técnicos que bloquean el procedimiento de matriculación,"No sin muchos escollos, se ha aprobado el Real Decreto para poder dar de alta los patinetes eléctricos en el Registro de Vehículos de la DGT. Esto significa que al fin tendrán que llevar un seguro obligatorio para poder circular legalmente, algo que ya deberí…","The DGT requires registration of an electric scooter. Surprise: there are already technical failures that block the registration procedure. Not without many obstacles, the Royal Decree has been approved to be able to register electric scooters in the DGT Vehicle Registry. This means that they will finally have to carry mandatory insurance to be able to circulate legally, something that I should already…","DGT adnotatione scooter electrica requirit. Admiratio: iam sunt defectiones technicae quae ratio adnotationem obstruunt. Non sine multis obstaculis, Decretum Regium approbatum est ut electrici scooters in Registro Vehiculi DGT profiterentur. Hoc significat se tandem habituros assecurationes faciendas ut legitime circumire possint, aliquid quod iam debeam.",https://www.motorpasion.com/seguridad/dgt-prometio-que-seria-facil-registrar-patinete-electrico-sorpresa-hay-fallos-tecnicos-que-bloquean-procedimiento-matriculacion,https://i.blogs.es/b450d7/patinetes/840_560.jpeg,http://web.archive.org/web/20260202210636/https://www.motorpasion.com/seguridad/dgt-prometio-que-seria-facil-registrar-patinete-electrico-sorpresa-hay-fallos-tecnicos-que-bloquean-procedimiento-matriculacion,"No sin muchos escollos, se ha aprobado el Real Decreto para poder dar de alta los patinetes eléctricos en el Registro de Vehículos de la DGT. Esto significa que al fin tendrán que llevar un seguro ob… [+2707 chars]",,2026-02-10 09:30:53+00:00
239f1b2580f76baf40d022d6156d30a8,2026-02-05T10:50:59Z,'avalancha',www.mundodeportivo.com,es,0.9,"Kanonenschüsse in den Schnee: So werden kontrollierte Lawinen ausgelöst, um Tragödien zu vermeiden. In den letzten Wochen erleben wir, wie Lawinen zum Grund für den Tod vieler Menschen in den Bergen werden. Um diese Tragödien unter Kontrolle zu bringen, suchen die Verantwortlichen für den Erhalt der Berge nach einer Möglichkeit, sie zu verhindern.",Cañonazos contra la nieve: así se provocan avalanchas controladas para evitar tragedias,"Estas últimas semanas estamos viendo como las avalanchas se han convertido en el motivo de la muerte de muchas personas en las montañas. Para intentar controlar estas tragedias, los encargados de la preservación de las montañas buscan cualquier método para ev…","Cannon shots against the snow: this is how controlled avalanches are caused to avoid tragedies. In recent weeks we are seeing how avalanches have become the reason for the deaths of many people in the mountains. To try to control these tragedies, those in charge of preserving the mountains look for any method to ev...","Tormentum ictus contra nivem: hoc modo avalanches moderatae tragoedias vitandae causantur. Superioribus hebdomadibus videmus quomodo avalanches causa multorum hominum in montibus factae sunt. Ut tragoedias istas regere conaris, qui custodiendis montibus praeficiuntur, quaerunt quemlibet modum ad ev...",https://www.mundodeportivo.com/solonieve/20260205/1002615084/canonazos-nieve-asi-provocan-avalanchas-controladas-evitar-tragedias.html,https://www.mundodeportivo.com/files/og_thumbnail/uploads/2026/02/05/698474762d168.png,http://web.archive.org/web/20260205113531/https://www.mundodeportivo.com/solonieve/20260205/1002615084/canonazos-nieve-asi-provocan-avalanchas-controladas-evitar-tragedias.html,"Estas últimas semanas estamos viendo como las avalanchas se han convertido en el motivo de la muerte de muchas personas en las montañas. Para intentar controlar estas tragedias, los encargados de la … [+2239 chars]",,2026-02-11 05:15:07+00:00
9addd2ccf71fe4b8322c1291c996e747,2026-02-08T10:10:06Z,'avalancha',www.mundodeportivo.com,es,0.9,"Mindestens acht Tote durch Lawinen in Italien und der Slowakei in der Nähe der Olympischen Spiele. Bei einer Lawinenserie sind in den letzten Tagen in Italien und der Slowakei mindestens acht Menschen ums Leben gekommen, mehrere davon in Gebieten in der Nähe von Austragungsorten der Olympischen Winterspiele. Die Behörden warnen vor einem hohen Risiko für…",Al menos ocho muertos por avalanchas en Italia y Eslovaquia cerca de los JJOO,"Una serie de avalanchas ha provocado la muerte de al menos ocho personas en los últimos días en Italia y Eslovaquia, varias de ellas en zonas próximas a sedes vinculadas a los Juegos Olímpicos de Invierno. Las autoridades han advertido de un elevado riesgo de…","At least eight dead due to avalanches in Italy and Slovakia near the Olympics. A series of avalanches has caused the death of at least eight people in recent days in Italy and Slovakia, several of them in areas close to venues linked to the Winter Olympic Games. The authorities have warned of a high risk of…","Saltem octo mortui sunt avalanches in Italia et Slovacia prope Olympia. Series avalanches proximis diebus in Italia et Slovacia mortem fecit, plures ex eis in locis vicinis venues Olympiae hiemali adnexae sunt. Auctoritates de magno periculo monuerunt…",https://www.mundodeportivo.com/solonieve/20260208/1002616823/ocho-muertos-avalanchas-italia-eslovaquia-cerca-juegos-olimpicos.html,https://www.mundodeportivo.com/files/og_thumbnail/uploads/2026/02/05/6984dccf96a5b.jpeg,,"Una serie de avalanchas ha provocado la muerte de al menos ocho personas en los últimos días en Italia y Eslovaquia, varias de ellas en zonas próximas a sedes vinculadas a los Juegos Olímpicos de Inv… [+2525 chars]",,2026-02-11 05:15:07+00:00
9eff48a3e2079336377d64fc86c20a15,2026-02-08T13:35:36Z,'avalancha',www.mundodeportivo.com,es,0.7,"Lawine von Ticketanfragen von Real-Fans für das Pokal-Halbfinale. Die Fans von Real Sociedad haben bei einem der außergewöhnlichsten Ereignisse der Saison erneut ihr absolutes Engagement für die Mannschaft unter Beweis gestellt. Für das baskische Derby des Hinspiels des Halbfinales der Copa del Rey Mapfre, das diesen Mittwoch um 21:00 Uhr ausgetragen wird...",Avalancha de peticiones de entradas de la afición de la Real para las semifinales de Copa,"La afición de la Real Sociedad ha vuelto a demostrar su compromiso absoluto con el equipo en una de las citas más especiales de la temporada. Para el derbi vasco de ida de las semifinales de la Copa del Rey Mapfre, que se disputará este miércoles a las 21:00 …","Avalanche of ticket requests from Real fans for the Cup semi-finals. Real Sociedad fans have once again demonstrated their absolute commitment to the team in one of the most special events of the season. For the Basque derby of the first leg of the semifinals of the Copa del Rey Mapfre, which will be played this Wednesday at 9:00 p.m....","NIVIS tesserae petitiones ex Veris fans pro Calicem semi- finalibus. Realis Sociedad fans iterum demonstravit suum munus absolutum ad bigas in uno praecipuorum temporum eventuum. Pro Vasconia Derby primi cruris semifinalium Copa del Rey Mapfre, quae hac mercurii hora 9:00 a.m.... agetur.",https://www.mundodeportivo.com/futbol/real-sociedad/20260208/1002616917/avalancha-peticiones-entradas-aficion-real-semifinales-copa.html,https://www.mundodeportivo.com/files/og_thumbnail/uploads/2026/02/01/697fd40e3d1f4.jpeg,http://web.archive.org/web/20260208140446/https://www.mundodeportivo.com/futbol/real-sociedad/20260208/1002616917/avalancha-peticiones-entradas-aficion-real-semifinales-copa.html,La afición de la Real Sociedad ha vuelto a demostrar su compromiso absoluto con el equipo en una de las citas más especiales de la temporada. Para el derbi vasco de ida de las semifinales de la Copa … [+1330 chars],,2026-02-11 09:13:31+00:00
2443eba5aca90a4203e3d9698e8966d1,2026-02-02T02:57:47Z,'avalancha',actualidad.rt.com,es,0.9,"Die deutsche Presse sieht Selenskyjs Kreis hinter der Lawine minderwertiger ukrainischer Eier in Europa. „Eier von Käfighühnern aus der Ukraine überschwemmen die EU und bleiben unerkannt“, stellt die Berliner Zeitung fest.",Prensa alemana sitúa al círculo de Zelenski tras la avalancha de huevos ucranianos de baja calidad en Europa,"""Los huevos de gallinas criadas en jaulas procedentes de Ucrania están inundando la UE y permanecen sin ser reconocidos"", señala Berliner Zeitung.","German press places Zelensky's circle behind the avalanche of low-quality Ukrainian eggs in Europe. ""Eggs from caged hens from Ukraine are flooding the EU and remain unrecognized,"" notes Berliner Zeitung.","Germanica diurnaria locat circulus Zelensky post NIVISORIUM ovorum ignobilium qualitatum Ucrainorum in Europa. ""Ova gallinarum inclusarum ab Ucraina UE inundant et incognita manent"" notat Berliner Zeitung.",https://actualidad.rt.com/actualidad/585073-circulo-zelenski-huevos-ucranianos-europa,https://mfes.b37m.ru/actualidad/public_images/2026.02/article/698005e2e9ff711f9b6263bb.jpg,http://web.archive.org/web/20260202033448/https://actualidad.rt.com/actualidad/585073-circulo-zelenski-huevos-ucranianos-europa,"El mercado europeo se está viendo inundado de huevos de gallinas ponedoras de baja calidad procedentes de explotaciones ucranianas con condiciones deficientes, informa Berliner Zeitung.
Según el dia… [+1110 chars]",,2026-02-11 09:13:31+00:00
a4bb8e5e605104f84de7bbfbf63b0d34,2026-02-06T07:18:34Z,'avalancha',www.huffingtonpost.es,es,0.9,"Die nationale PP erstattete Anzeige wegen Belästigung der ehemaligen Bürgermeisterin von Móstoles, ohne das Opfer überhaupt aufzufordern, ihr zuzuhören. <![CDATA[<p>Die Madrider PP war gestern Gegenstand einer Lawine der Kritik, weil sie angeblich die Beschwerde eines ehemaligen Stadtratsmitglieds „vertuscht“ hatte, das den Bürgermeister von Móstoles, Manuel Bautista, sexueller Belästigung und Belästigung am Arbeitsplatz beschuldigte. Der Stadtrat hat diese Tatsachen bestritten, dass ...",El PP nacional archivó el expediente por acoso de la exedil de Móstoles sin citar siquiera a la víctima para escucharla,"<![CDATA[<p>El PP madrileño fue ayer objeto de una avalancha de críticas, por supuestamente ""tapar"" la denuncia de una exconcelaja del partido que acusa de acoso sexual y laboral al alcalde de Móstoles, Manuel Bautista. El regidor ha negado estos hechos, que …","The national PP filed the file for harassment of the former mayor of Móstoles without even summoning the victim to listen to her. <![CDATA[<p>The Madrid PP was yesterday the subject of an avalanche of criticism, for supposedly ""covering up"" the complaint of a former councilor of the party who accuses the mayor of Móstoles, Manuel Bautista, of sexual and workplace harassment. The councilor has denied these facts, that…","Patria PP tabellam ad vexationem prioris Maioris Móstolensis interposuit, quin etiam victimam ad eam audiendam invitaret. <![CDATA[<p>Matriti PP hesterno die argumentum reprehensionis sententiae fuit, ut puta ""obtegere"" querelam prioris consiliarii factionis quae maiorem Móstoles, Manuel Bautistam accusat, de sexuali et officinis vexationibus. Haec consiliarius negavit, quod…",https://www.huffingtonpost.es/politica/el-pp-nacional-archivo-expediente-acoso-exedil-mostoles-citar-siquiera-victima-escucharlabr-f202602.html,https://img2.huffingtonpost.es/files/og_thumbnail/uploads/2026/02/06/el-alcalde-de-mostoles-manuel-bautista-pp-comparece-ante-los-medios-en-el-ayuntamiento-de-su-localidad-el-5-de-febrero-de-2026-tras-conocerse-una-denuncia-por-acoso.jpeg,,"El PP madrileño fue ayer objeto de una avalancha de críticas, por supuestamente ""tapar"" la denuncia de una exconcelaja del partido que acusa de acoso sexual y laboral al alcalde de Móstoles, Manuel B… [+8348 chars]",,2026-02-11 09:13:31+00:00
44667e30a8ba4b562c3d57130105f89d,2026-02-08T15:16:36Z,'avalancha',www.elconfidencialdigital.com,es,0.9,"Die Lawine blockiert die Asbestsanierungshilfe in Katalonien. Die Asbestsanierung in Katalonien ist zu einem Wettlauf gegen die Zeit geworden, der durch den Mangel an öffentlichen Mitteln gekennzeichnet ist. Die gesetzliche Verpflichtung, dieses gefährliche Material in öffentlichen und privaten Gebäuden zu beseitigen, hat die Nachfrage nach Fördermitteln ausgelöst.

Die r…",La avalancha que bloquea las ayudas para retirar amianto en Catalunya,"La retirada de amianto en Catalunya se ha convertido en una carrera contrarreloj marcada por la falta de recursos públicos. La obligación legal de eliminar este material peligroso en edificios públicos y privados ha disparado la demanda de subvenciones.

El r…","The avalanche that blocks aid to remove asbestos in Catalonia. The removal of asbestos in Catalonia has become a race against time marked by the lack of public resources. The legal obligation to eliminate this hazardous material in public and private buildings has triggered demand for subsidies.

The r…","NIVIS quae impedit auxilium ad asbesto removendum in Catalonia. Asbesto in Catalonia abolitio quaedam contra tempus facta est propter inopiam rerum publicarum designatam. Legalis obligatio ad hanc materialem ancipitem materiam in publicis et privatis aedificiis ancipitem tollendam postulatio subsidiorum urget.

De r ...",https://www.elconfidencialdigital.com/articulo/dinero/avalancha-que-bloquea-ayudas-retirar-amianto-catalunya/202602081616361002559.html,https://www.elconfidencialdigital.com/media/elconfidencialdigital/images/2026/02/08/2026020816162015678.jpg,http://web.archive.org/web/20260209042339/https://www.elconfidencialdigital.com/articulo/dinero/avalancha-que-bloquea-ayudas-retirar-amianto-catalunya/202602081616361002559.html,La normativa que fija la erradicación total del amianto en edificios públicos antes de 2028 y en propiedades privadas antes de 2032 ha intensificado de forma notable las actuaciones para retirar este… [+5021 chars],,2026-02-11 09:13:31+00:00
ddcda0746d61834c679b23853d6a51c1,2026-02-01T16:29:43Z,'avalancha',es.gizmodo.com,es,0.9,"Der Himmel um die Erde ist nicht mehr dunkel. Die Satellitenlawine droht, Weltraumteleskope unbrauchbar zu machen. In 500 km Höhe, wo Missionen wie Hubble oder die zukünftige Xuntián-Umlaufbahn stattfinden, ist der Himmel nicht mehr klar. Tausende Satelliten kreuzen während ihrer Langzeitbelichtungen das Sichtfeld der Teleskope und erzeugen Lichtlinien, die die Daten verzerren. Der …",El cielo que rodea a la Tierra ya no está oscuro. La avalancha de satélites amenaza con volver inútiles a los telescopios espaciales,"A 500 km de altura, donde orbitan misiones como el Hubble o el futuro Xuntián, ya no hay un cielo limpio. Miles de satélites cruzan el campo de visión de los telescopios durante sus exposiciones largas, generando líneas de luz que distorsionan los datos. Los …","The sky around Earth is no longer dark. The avalanche of satellites threatens to render space telescopes useless. At 500 km high, where missions such as Hubble or the future Xuntián orbit, there is no longer a clear sky. Thousands of satellites cross the telescopes' field of view during their long exposures, generating lines of light that distort the data. The …","Caelum circum Terram iam non obscura est. NIVIS satellitum minatur spatium telescoporum inutilem reddere. Ad 500 km altum, ubi missiones ut Hubble vel futura Xuntián orbita, iam non est caelum serenum. Milia satellitum telescopiorum campum conspectum transeunt in longis periculis ereptus, lineas lucis generantes quae notitias distorquent. The ...",https://es.gizmodo.com/espacio-cercano-a-la-tierra-esta-tan-saturado-de-satelites-que-los-telescopios-espaciales-podrian-perder-su-utilidad-en-pocos-anos-2000209094,https://es.gizmodo.com/app/uploads/2025/12/Diseno-sin-titulo-35-6-1200x675.jpg,http://web.archive.org/web/20260201230419/https://es.gizmodo.com/espacio-cercano-a-la-tierra-esta-tan-saturado-de-satelites-que-los-telescopios-espaciales-podrian-perder-su-utilidad-en-pocos-anos-2000209094,"Durante algunas décadas, la solución a la contaminación lumínica terrestre parecía sencilla: si los telescopios no podían observar desde el suelo, había que enviarlos al espacio. La órbita baja, a un… [+4621 chars]",,2026-02-12 20:58:12+00:00
fff824893a684d4628d885d6c5e72618,2026-02-02T20:00:57Z,'avalancha',www.xataka.com,es,0.9,"Microsoft hat endlich erkannt, was die Community seit Monaten schreit: Wir wollen nicht so viel KI. Die Menschen haben genug von der KI-Lawine, die Windows überschwemmt hat, und Microsoft hat gegenüber den zahlreichen Beschwerden aus der Community kein Ohr mehr. Sie haben sogar KI in Notepad integriert, was etwas heißen will. Die Besessenheit von Microsoft hat das Image von Windows neu gemacht…",Microsoft por fin se ha dado cuenta de lo que la comunidad lleva gritándole desde hace meses: no queremos tanta IA,"La gente está harta de la avalancha de IA que ha inundado Windows y Microsoft hacía oídos sordos a las numerosas quejas de la comunidad. Han metido IA hasta en el Bloc de Notas, que ya es decir. La obsesión de Microsoft ha hecho que la imagen de Windows se re…","Microsoft has finally realized what the community has been shouting at it for months: we don't want so much AI. People are fed up with the avalanche of AI that has flooded Windows and Microsoft turned a deaf ear to the numerous complaints from the community. They have even put AI in Notepad, which is saying something. Microsoft's obsession has made the image of Windows re…","Microsoft tandem intellexit quid communitas per menses clamata sit: nolumus tam AI. Populus aluntur cum NIVIS AI quae Fenestra inundavit et Microsoft obsurduerunt crebras querelas de communitate dederunt. Etiam AI in Nota posuerunt, quod aliquid dicit. Obsessio Microsoft imaginem Windows re… fecit",https://www.xataka.com/robotica-e-ia/microsoft-fin-se-ha-dado-cuenta-que-comunidad-lleva-gritandole-hace-meses-no-queremos-tanta-ia,https://i.blogs.es/182bbd/windows-11/840_560.jpeg,http://web.archive.org/web/20260202202323/https://www.xataka.com/robotica-e-ia/microsoft-fin-se-ha-dado-cuenta-que-comunidad-lleva-gritandole-hace-meses-no-queremos-tanta-ia,"La gente está harta de la avalancha de IA que ha inundado Windows y Microsoft hacía oídos sordos a las numerosas quejas de la comunidad. Han metido IA hasta en el Bloc de Notas, que ya es decir. La o… [+2257 chars]",,2026-02-12 20:58:12+00:00
b91bb01bee3a1ab30fafe9e87954e3f9,2026-02-04T06:21:14Z,'avalancha',www.mundodeportivo.com,es,0.9,"„Wir liquidieren Lager“: Eine Lawine von Rabatten kommt bei Lidl an. Lidl rüttelt die Verbraucher erneut mit einer dieser Aktionen auf, die nicht unbemerkt bleiben. Unter dem Claim „Wir liquidieren Lager“ hat die Supermarktkette auf ihrer Website eine tolle Werbeaktion angekündigt, die vom 2. bis 15. Februar aktiv sein wird...","""Liquidamos almacenes"": Llega a Lidl una avalancha de descuentos","Lidl vuelve a sacudir a los consumidores con una de esas campañas que no pasan desapercibidas. Bajo el reclamo ""Liquidamos almacenes"", la cadena de supermercados ha anunciado en su página web una gran acción promocional que estará activa del 2 al 15 de febrer…","""We liquidate warehouses"": An avalanche of discounts arrives at Lidl. Lidl is once again shaking up consumers with one of those campaigns that do not go unnoticed. Under the claim ""We liquidate warehouses"", the supermarket chain has announced on its website a great promotional action that will be active from February 2 to 15...","""Cervae nos occidere"": NIVIS infringo ad Lidl pervenit. Lidl iterum concutere consumptores cum una ex iis expeditionibus quae non latuerunt. Sub petitione ""Cervariorum nos occidere"" supermarket catena denuntiavit in suo loco magnam actionem promotionalem quae a die 2 Februarii ad 15. actuosa erit.",https://www.mundodeportivo.com/actualidad/20260204/1002614362/liquidamos-almacenes-llega-lidl-avalancha-descuentos-deja-precios-nunca-vistos-cientos-productos-smd.html,https://www.mundodeportivo.com/files/og_thumbnail/files/fp/uploads/2026/01/26/6977344ced963.r_d.600-400-10000.jpeg,http://web.archive.org/web/20260205061345/https://www.mundodeportivo.com/actualidad/20260204/1002614362/liquidamos-almacenes-llega-lidl-avalancha-descuentos-deja-precios-nunca-vistos-cientos-productos-smd.html,"Lidl vuelve a sacudir a los consumidores con una de esas campañas que no pasan desapercibidas. Bajo el reclamo ""Liquidamos almacenes"", la cadena de supermercados ha anunciado en su página web una gra… [+1707 chars]",,2026-02-12 20:58:12+00:00
3423e60c02db15c495e822903462b886,2026-02-09T17:01:02Z,'avalancha',www.espinof.com,es,0.9,"6 Filme und 5.621 Millionen Einspielergebnisse. Im Jahr 2026 kehrt die umsatzstärkste Zeichentricksaga der Geschichte mit ihrem bisher überraschendsten Abenteuer zurück. {""videoId"": ""x9zkizs"", ""autoplay"": true, ""title"": ""'Minions & Monsters', Trailer"", ""tag"": ""Minions Monsters"", ""duration"": ""129""}
 



 Die Lawine an Vorschauen, die anlässlich des Superbowls veröffentlicht wurden, hat uns an einige der am meisten erwarteten Filme des Jahres erinnert. In…",6 películas y 5621 millones recaudados. En 2026 vuelve la saga de animación más taquillera de la historia con su aventura más sorprendente hasta ahora,"{""videoId"":""x9zkizs"",""autoplay"":true,""title"":""'Minions & Monsters', tráiler"",""tag"":""Minions Monsters"",""duration"":""129""}
 



 La avalancha de adelantos publicados con motivo de la Superbowl nos ha recordado algunas de las películas más esperadas del año. En…","6 films and 5,621 million grossed. In 2026, the highest-grossing animated saga in history returns with its most surprising adventure yet. {""videoId"":""x9zkizs"",""autoplay"":true,""title"":""'Minions & Monsters', trailer"",""tag"":""Minions Monsters"",""duration"":""129""}
 



 The avalanche of previews released on the occasion of the Superbowl has reminded us of some of the most anticipated films of the year. In…","6 membranae et 5,621 decies grossed. Anno 2026, summa grossa animata saga in historia redit cum suo mirifico adhuc usu. {""videoId"":""x9zkizs"", ""autoplay"": true, title"":""'Minions & Monsters', trailer"", tag"": ""Minions Monsters"", ""duratio"":""129""}
 



 NIVIS Praevium emissa occasione Superbowl aliquarum cinematographicarum anni anticipatissimarum nos admonuit. In…",https://www.espinof.com/trailers/6-peliculas-5621-millones-recaudados-2026-vuelve-saga-animacion-taquillera-historia-su-aventura-sorprendente-ahora,https://i.blogs.es/f9a93e/x720/840_560.jpeg,,"La avalancha de adelantos publicados con motivo de la Superbowl nos ha recordado algunas de las películas más esperadas del año. Entre ellas se encuentra 'Minions &amp; Monsters', la nueva película d… [+1447 chars]",,2026-02-12 20:58:12+00:00
1489b06c1ed771b31d31dd313d27c878,2026-02-01T07:25:24Z,'Capacitación comunitaria en riesgo',www.libertaddigital.com,es,0.3,"Die Mächtigen wollen nicht mehr Ihr Geld, sondern Ihre Daten. Die großen technologischen Erfolge übertreffen bereits die absoluten Monarchien.","Los poderosos ya no quieren tu dinero, sino tus datos",Las grandes fortunas tecnológicas ya superan a las monarquías absolutas.,"The powerful no longer want your money, but your data. The great technological fortunes already surpass absolute monarchies.","Potentes non iam pecuniam tuam volunt, sed datam tuam. Magnae fortunae technologicae absolutae monarchias iam superant.",https://www.libertaddigital.com/ciencia-tecnologia/tecnologia/2026-02-01/los-poderosos-ya-no-quieren-tu-dinero-sino-tus-datos-7347101/,https://s1.staticld.com/2026/01/29/1200/675/antonio-flores-1.jpg,http://web.archive.org/web/20260201110700/https://www.libertaddigital.com/ciencia-tecnologia/tecnologia/2026-02-01/los-poderosos-ya-no-quieren-tu-dinero-sino-tus-datos-7347101/,"Durante buena parte de la historia, el poder se ha medido en oro, tierras, fábricas o pozos de petróleo. Hoy las grandes fortunas tienen cifras de riqueza más altas que nunca, aunque nos enseñaran qu… [+5163 chars]",,2026-02-13 21:02:49+00:00
46286adacc257074d1963a9bb1d81484,2026-02-01T18:25:34Z,'Capacitación comunitaria en riesgo',www.abc.es,es,0.3,"Das Aemet aktiviert in Cuenca und Albacete gelbe Warnungen vor Schnee und Wind aufgrund des Sturms Leonardo. Die staatliche Meteorologiebehörde (Aemet) hat für diesen Montag in den Provinzen Cuenca und Albacete die Warnstufe Gelb aktiviert, da der Sturm Leonardo eintrifft, der in Berggebieten Schneefall und starke Windböen im Südosten von C… hinterlassen wird.",La Aemet activa avisos amarillos en Cuenca y Albacete por nieve y viento debido a la borrasca Leonardo,"La Agencia Estatal de Meteorología (Aemet) ha activado para este lunes avisos de nivel amarillo en las provincias de Cuenca y Albacete por la llegada de la borrasca Leonardo, que dejará nevadas en zonas de montaña y fuertes rachas de viento en el sureste de C…","The Aemet activates yellow warnings in Cuenca and Albacete for snow and wind due to storm Leonardo. The State Meteorological Agency (Aemet) has activated yellow level warnings for this Monday in the provinces of Cuenca and Albacete due to the arrival of the storm Leonardo, which will leave snowfall in mountain areas and strong gusts of wind in the southeast of C…","Aemet monita flava in Cuenca et Albacete operatur propter nivem et ventum propter tempestatem Leonardo. Civitas Meteorologica Procuratio (Aemet) monita huius Lunae in provinciis Cuencae et Albacete ob progressionem tempestatis Leonardi, quae nix ruinae in montanis locis et validis procellis venti in meridiem C ... relinquet.",https://www.abc.es/espana/castilla-la-mancha/aemet-activa-avisos-amarillos-cuenca-albacete-nieve-20260201192435-nt.html,https://s3.abcstatics.com/abc/www/multimedia/espana/2026/02/01/1506046250-U21087742476dlT-1024x512@diario_abc.jpg,,"La Agencia Estatal de Meteorología (Aemet) ha activado para este lunes avisos de nivel amarillo en las provincias de Cuenca y Albacete por la llegada de la borrasca Leonardo, que dejará nevadas en zo… [+1420 chars]",,2026-02-13 21:02:49+00:00
baff63b89e1278862f5dae6a7d3d6355,2026-02-02T09:43:05Z,'Capacitación comunitaria en riesgo',www.mundodeportivo.com,es,0.3,"Der Sau-Stausee, nicht wiederzuerkennen: die unglaublichen Bilder, die die Stürme hinterlassen haben. Katalonien und ein großer Teil Spaniens wurden diesen Januar von einer Reihe von Atlantikstürmen und Tiefdruckgebieten – wie den Stürmen Harry und Kristin – heimgesucht, die zu großer meteorologischer Instabilität geführt haben, mit…","El Pantano de Sau, irreconocible: las increíbles imágenes que han dejado las borrascas","Catalunya, así como buena parte de España, se ha visto afectada este mes de enero por una sucesión de borrascas atlánticas y sistemas de baja presión -como las borrascas Harry y Kristin- que han tenido como consecuencia una gran inestabilidad meteorológica, c…","The Sau Reservoir, unrecognizable: the incredible images left by the storms. Catalonia, as well as a good part of Spain, has been affected this January by a succession of Atlantic storms and low pressure systems - such as storms Harry and Kristin - which have resulted in great meteorological instability, with…","The Sau Reservoir, unrecognizable: imagines incredibilia tempestate relictae. Catalonia, sicut bona pars Hispaniae, hoc Ianuario per successiones procellarum Atlanticarum et systemata pressorum minorum - sicut tempestates Harrium et Kristin - consecutae sunt in magna instabilitate meteorologica, cum…",https://www.mundodeportivo.com/actualidad/20260202/1002612966/increibles-imagenes-pantano-sau-han-dejado-borrascas-paso-catalunya-enero-llego-97-capacidad-galeria-dct.html,https://www.mundodeportivo.com/files/og_thumbnail/files/fp/uploads/2024/04/10/66167eebe7f86.r_d.2210-850-3067.jpeg,http://web.archive.org/web/20260203025325/https://www.mundodeportivo.com/actualidad/20260202/1002612966/increibles-imagenes-pantano-sau-han-dejado-borrascas-paso-catalunya-enero-llego-97-capacidad-galeria-dct.html,"Catalunya, así como buena parte de España, se ha visto afectada este mes de enero por una sucesión de borrascas atlánticas y sistemas de baja presión -como las borrascas Harry y Kristin- que han teni… [+923 chars]",,2026-02-13 21:02:49+00:00
a51fab05b953eb175b8b94fbcb2afab4,2026-02-02T10:19:17Z,'Capacitación comunitaria en riesgo',www.elespanol.com,es,0.3,"Roberto Brasero (54), Wettermann, sagt laut und deutlich, was in den nächsten Stunden auf Spanien zukommt: „Sei vorsichtig, es ist überhaupt nicht cool.“ Der Wettermann warnt vor der nächsten Sturmrunde, die in Gebieten, die bereits mit Wasser bewässert werden, reichlich Regen hinterlassen wird.
Weitere Informationen: Von Aemet bestätigt: Der Februar bringt in den nächsten Stunden neue Stürme mit 300 l/m2 Regen nach Spanien…","Roberto Brasero (54), hombre del tiempo, alto y claro sobre lo que llega en las próximas horas a España: ""Ojo, no mola nada""","El hombre del tiempo advierte sobre la próxima tanda de borrascas que van a dejar abundantes precipitaciones en zonas ya irrigadas de agua.
Más información: Confirmado por Aemet: febrero trae nuevas borrascas a España con 300 l/m2 de lluvia en las próximas ho…","Roberto Brasero (54), weatherman, loud and clear about what is coming to Spain in the next few hours: ""Be careful, it's not cool at all."" The weatherman warns about the next round of storms that will leave abundant rainfall in areas already irrigated with water.
More information: Confirmed by Aemet: February brings new storms to Spain with 300 l/m2 of rain in the next few hours…","Roberto Brasero (54), tempestatis, magna et clara de his quae in Hispaniam venturo paucis horis proximis: ""Vide, ne refrigescas"". Tempestas monet circa proximas tempestates circumfusas pluvias in locis aquis iam irrigatis relinqueturos.
Plura: Confirmata per Aemet: Februarius novas tempestates in Hispaniam adfert cum 300 l/m2 pluviae in proximis horis...",https://www.elespanol.com/ciencia/meteorologia/20260202/roberto-brasero-hombre-tiempo-alto-claro-llega-proximas-horas-espana-ojo-no-mola/1003744112827_0.html,https://s3.elespanol.com/2026/02/02/actualidad/1003744112839_261208790_1706x960.jpg?fmt=jpeg,,"Una nueva borrasca atlántica traerá precipitaciones generalizadas y persistentes a la Península y Baleares, según la Aemet.
Doce comunidades y Ceuta y Melilla están en alerta por intensas lluvias, f… [+4566 chars]",,2026-02-13 21:02:49+00:00
a51e263babf07d02454b8733deab52f0,2026-02-02T13:07:17Z,'Capacitación comunitaria en riesgo',www.abc.es,es,0.3,"Die DGT warnt: Dies sind die Straßen, die in Andalusien aufgrund von Überschwemmungen und Schnee gesperrt bleiben. Ungünstige Wetterbedingungen fordern weiterhin ihren Tribut vom andalusischen Straßennetz. Die anhaltenden Regenfälle, Erdrutsche, Schnee und Wind haben die DGT gezwungen, zahlreiche Vorfälle auf den Straßen in der Gemeinde aktiv zu halten, einige...",La DGT avisa: estas son las carreteras que permanecen cortadas por inundaciones y nieve en Andalucía,"Las condiciones meteorológicas adversas siguen pasando factura a la red viaria andaluza. Las lluvias persistentes, los desprendimientos, la nieve y el viento han obligado a la DGT a mantener activas numerosas incidencias en carreteras de la comunidad, algunas…","The DGT warns: these are the roads that remain closed due to floods and snow in Andalusia. Adverse weather conditions continue to take their toll on the Andalusian road network. The persistent rains, landslides, snow and wind have forced the DGT to keep numerous incidents active on roads in the community, some...","DGT monet: hae sunt viae clausae ob diluvia et nives in Baetica. Conditiones tempestatum adversae pergunt portorium in via Andalusia retis accipere. Imbres assidui, ruinae, nix et venti DGT ut multae incidentes in viis communitatis activae servare coegerunt, quaedam...",https://www.abc.es/espana/andalucia/dgt-avisa-carreteras-permanecen-cortadas-inundaciones-nieve-20260202140714-nts.html,https://s3.abcstatics.com/abc/www/multimedia/espana/2026/02/02/carreteras%20cortadas%20andalucia-kiyG--1024x512@diario_abc.png,http://web.archive.org/web/20260203041648/https://www.abc.es/espana/andalucia/dgt-avisa-carreteras-permanecen-cortadas-inundaciones-nieve-20260202140714-nts.html,"Las condiciones meteorológicas adversas siguen pasando factura a la red viaria andaluza. Las lluvias persistentes, los desprendimientos, la nieve y el viento han obligado a la DGT a mantener activas … [+2770 chars]",,2026-02-13 21:02:49+00:00
f4fb06ea9b1ab00c7c7964bd2de3b81e,2026-02-02T14:50:24Z,'Capacitación comunitaria en riesgo',www.lanacion.com.ar,es,0.3,Wie viele Zentimeter Schnee fielen letztes Wochenende in New York und was ist mit dem Fortschreiten der Kälte zu erwarten? Wie viel Schnee fiel letztes Wochenende in New York und was wird mit dem Fortschreiten der Kälte nach ungleichmäßigen Ansammlungen und einer komplizierten Woche erwartet?,Cuántas pulgadas de nieve cayeron en Nueva York el último fin de semana y qué se espera con el avance del frío,"Cuánta nieve cayó en Nueva York el último fin de semana y qué se espera con el avance del frío, tras acumulaciones desiguales y una semana complicada","How many inches of snow fell in New York last weekend and what is expected with the advance of the cold. How much snow fell in New York last weekend and what is expected with the advance of the cold, after uneven accumulations and a complicated week","Quot pollices nivis in Novo Eboraci proximo volutpat ceciderunt et quid expectatur cum successu frigoris. Quantum nix in Novo Eboraco incidit in novissima weekend et quid expectatur cum progressu frigorum, post inaequales accumulationes et implicatae hebdomadis.",https://www.lanacion.com.ar/estados-unidos/nueva-york/cuantas-pulgadas-de-nieve-cayeron-en-nueva-york-el-ultimo-fin-de-semana-y-que-se-espera-con-el-nid02022026/,https://resizer.glanacion.com/resizer/v2/el-estado-de-nueva-york-registro-varias-pulgadas-XOAUFIZFQJCNHI2IENYMN3KVRA.jpg?auth=c3eb547160d0e3a8053cdfc9ceb1fb8eb2430d560d696a3051c69d7512984966&width=1200&quality=70&smart=false&height=800,http://web.archive.org/web/20260203060123/https://www.lanacion.com.ar/estados-unidos/nueva-york/cuantas-pulgadas-de-nieve-cayeron-en-nueva-york-el-ultimo-fin-de-semana-y-que-se-espera-con-el-nid02022026/,"El último fin de semana dejó señales claras de queel invierno sigue firme en el estado de Nueva York, con nevadasmedidas en distintas localidades y un escenario meteorológico que anticipa más frío in… [+3733 chars]",,2026-02-13 21:02:49+00:00
8affe098cd746e73f4baa2171eb55fc7,2026-02-02T15:08:13Z,'Capacitación comunitaria en riesgo',www.lanacion.com.ar,es,0.3,Wie viele Zentimeter Schnee sind in North Carolina in den letzten Stunden gefallen? Der Wintersturm hinterließ in North Carolina ungewöhnliche Schneeansammlungen mit starken Kontrasten zwischen der Küste und dem Landesinneren offiziellen Berichten zufolge.,Cuántas pulgadas de nieve han caído en Carolina del Norte durante las últimas horas,"La tormenta invernal dejó acumulaciones inusuales de nieve en Carolina del Norte, con fuertes contrastes entre la costa y el interior según reportes oficiales.","How many inches of snow have fallen in North Carolina over the past few hours. The winter storm left unusual accumulations of snow in North Carolina, with strong contrasts between the coast and the interior according to official reports.",Quot pollices nivis in Carolina Septentrionali praeter paucas horas ceciderunt. Tempestas hiemalis insolitas coacervationes nivis in Carolina Septentrionali cum validis oppositionibus inter oram et interiorem secundum officiales relationes reliquit.,https://www.lanacion.com.ar/estados-unidos/carolina-del-norte/cuantas-pulgadas-de-nieve-han-caido-en-carolina-del-norte-durante-las-ultimas-horas-nid02022026/,https://resizer.glanacion.com/resizer/v2/una-historica-tormenta-invernal-paralizo-carolina-MZXJNYTJLRAYLHLDXD4AXPYQAA.JPG?auth=58e611be460b724bf489d33f70ade1c35a487d3c6912765437076f2bda765802&width=1200&quality=70&smart=false&height=800,http://web.archive.org/web/20260203150508/https://www.lanacion.com.ar/estados-unidos/carolina-del-norte/cuantas-pulgadas-de-nieve-han-caido-en-carolina-del-norte-durante-las-ultimas-horas-nid02022026/,"La tormenta invernal que cubrió gran parte del sureste de Estados Unidos dejó una imagen poco habitual en Carolina del Norte: playas blancas, comunidades costeras sepultadas por la nieve y pueblos en… [+2304 chars]",,2026-02-13 21:02:49+00:00
700d578c0299f28be31f2a9d0de30440,2026-02-02T16:12:43Z,'Capacitación comunitaria en riesgo',www.europapress.es,es,0.3,"Der Hafen von La Mora (Granada) an der A-92 wurde nach fünfstündiger Schließung wegen Schneeansammlung wieder geöffnet. Der Abschnitt der A-92, der durch den Hafen von La Mora in der Provinz Granada führt, wurde heute Nachmittag wieder für den Verkehr freigegeben, nachdem er wegen der Schneeansammlung etwa fünf Stunden lang gesperrt war.",Reabierto el puerto de la Mora (Granada) en la A-92 tras cinco horas cerrado por acumulación de nieve,"El tramo de la A-92 a su paso por el puerto de la Mora, en la provincia de Granada, ha quedado esta tarde reabierto a la circulación después de que haya pasado unas cinco horas cortado por la acumulación de nieve.","The port of La Mora (Granada) on the A-92 has reopened after five hours closed due to snow accumulation. The section of the A-92 passing through the port of la Mora, in the province of Granada, was reopened to traffic this afternoon after being blocked for about five hours due to the accumulation of snow.","Portus La Mora (Granada) in A-92 aperuit post quinque horas clausas propter nivis cumulum. Sectio A-92 per portum la Mora, provinciae Granatae, reclusum est ad mercaturam post meridiem interclusam quinque fere horis propter nivem cumulum.",https://www.europapress.es/andalucia/noticia-reabierto-puerto-mora-92-granada-cierre-varias-horas-acumulacion-nieve-20260202171243.html,https://img.europapress.es/fotoweb/fotonoticia_20260202171243_1200.jpg,http://web.archive.org/web/20260202200657/https://www.europapress.es/andalucia/noticia-reabierto-puerto-mora-92-granada-cierre-varias-horas-acumulacion-nieve-20260202171243.html,"GRANADA 2 Feb. (EUROPA PRESS) - 
 El tramo de la A-92 a su paso por el puerto de la Mora, en la provincia de Granada, ha quedado esta tarde reabierto a la circulación después de que haya pasado unas… [+557 chars]",,2026-02-13 21:02:49+00:00
e77fa4be709b1aa1e3b66de8ff55deca,2026-02-02T18:36:37Z,'Capacitación comunitaria en riesgo',www.europapress.es,es,0.3,"Sieben CyL-Provinzen, alle außer Salamanca und Valladolid, werden an diesem Dienstag wegen Schneefall von bis zu 5 Zentimetern benachrichtigt. Sieben Provinzen von Castilla y León werden an diesem Dienstag, dem 2. Februar, wegen Schneefällen mit einer Dicke von bis zu 5 Zentimetern benachrichtigt, wie aus von Europa Press gesammelten Informationen der staatlichen Wetterbehörde (Aemet) hervorgeht.","Siete provincias de CyL, todas salvo Salamanca y Valladolid, en aviso este martes por nevadas de hasta 5 centímetros","Siete provincias de Castilla y León estarán este martes, 2 de febrero, en aviso por nevadas que pueden alcanzar los 5 centímetros de espesor, según la información de la Agencia Estatal de Meteorología (Aemet) recogida por Europa Press.","Seven CyL provinces, all except Salamanca and Valladolid, are on notice this Tuesday for snowfall of up to 5 centimeters. Seven provinces of Castilla y León will be on notice this Tuesday, February 2, for snowfall that can reach 5 centimeters thick, according to information from the State Meteorological Agency (Aemet) collected by Europa Press.","Septem CyL provinciae, omnes praeter Salmanticam et Valladolidam, in notitiam Martis sunt pro nive usque ad 5 centimetra. Septem provinciae Castellae y Leon in notitiam hoc die Martis, 2 Februarii, ob nivem quae 5 centimetra densissima attingere potest, secundum informationes e Civitatis Meteorologicis Agency (Aemet) ab Europa Press collecta.",https://www.europapress.es/castilla-y-leon/noticia-siete-provincias-cyl-todas-salamanca-valladolid-aviso-martes-nevadas-centimetros-20260202193637.html,https://img.europapress.es/fotoweb/fotonoticia_20260202193637_1200.jpg,,"VALLADOLID, 2 Feb. (EUROPA PRESS) - 
   Siete provincias de Castilla y León estarán este martes, 2 de febrero, en aviso por nevadas que pueden alcanzar los 5 centímetros de espesor, según la informa… [+671 chars]",,2026-02-13 21:02:49+00:00
640d11f3cd9216e9dcb3e760d380820f,2026-02-02T21:24:00Z,'Capacitación comunitaria en riesgo',www.europapress.es,es,0.3,"Andalusien verzeichnet 5.462 Vorfälle, davon 758 an diesem Montag, mit Verletzungen nach einem Dacheinsturz in Alcaudete (Jaén). Andalusien hat an diesem Montag aufgrund des Sturms 758 Vorfälle registriert, darunter den Fall einer Frau, die nach dem Einsturz des Daches einer Küche in Alcaudete (Jaén) verletzt wurde und in das örtliche Krankenhaus evakuiert wurde. Seit Beginn von…","Andalucía registra 5.462 incidencias, 758 este lunes, con una herida tras la caída de un techo en Alcaudete (Jaén)","Andalucía ha registrado en la jornada de este lunes 758 incidencias a causa de la borrasca, entre ellas el caso de una mujer herida tras la caída del techo de una cocina en Alcaudete (Jaén), que ha sido evacuada al hospital de la localidad. Desde el inicio de…","Andalusia records 5,462 incidents, 758 this Monday, with an injury after a roof fell in Alcaudete (Jaén). Andalusia has registered 758 incidents this Monday due to the storm, among them the case of a woman injured after the roof of a kitchen fell in Alcaudete (Jaén), who has been evacuated to the local hospital. Since the beginning of…","Res gestae Andalusia 5,462 acta, hoc Lunae 758, cum laesione post tectum in Alcaudete incidit (Jaén). Andalusia anno 758 acta huius Lunae ob tempestatem inscripsit, inter eas casus feminae laesae postquam in tecto coquinae incidit in Alcaudete (Jaén), quae in valetudinarium loci evacuata est. Cum initium…",https://www.europapress.es/andalucia/noticia-andalucia-registra-5462-incidencias-758-lunes-herida-caida-techo-alcaudete-jaen-20260202222400.html,https://img.europapress.es/fotoweb/fotonoticia_20260202222400_1200.jpg,http://web.archive.org/web/20260203002541/https://www.europapress.es/andalucia/noticia-andalucia-registra-5462-incidencias-758-lunes-herida-caida-techo-alcaudete-jaen-20260202222400.html,"SEVILLA 2 Feb. (EUROPA PRESS) - 
 Andalucía ha registrado en la jornada de este lunes 758 incidencias a causa de la borrasca, entre ellas el caso de una mujer herida tras la caída del techo de una c… [+6273 chars]",,2026-02-13 21:02:49+00:00
68ae1aacf6f89f122fec871d533ee23c,2026-02-02T21:38:39Z,'Capacitación comunitaria en riesgo',www.abc.es,es,0.3,"In den kommenden Tagen mit starkem Regen in Andalusien ist bei Notfällen Vorsicht geboten. Die 1-1-2, die zur andalusischen Notfallagentur gehört, die dem Ministerium für Gesundheit, der Präsidentschaft und dem Vorstand für Notfälle unter der Leitung von Antonio Sanz untersteht, hat an diesem Montag im Laufe des Tages 758 Vorfälle bewältigt, die meisten davon waren auf ca… zurückzuführen.",Emergencias pide prudencia ante las próximas jornadas de intensas lluvias en Andalucía,"El 1-1-2, perteneciente a la Agencia de Emergencias de Andalucía, adscrita a la Consejería de Sanidad, Presidencia y Emergencias de la Junta que dirige Antonio Sanz, ha gestionado 758 incidencias durante la jornada de este lunes, la mayoría se han debido a ca…","Emergencies ask for caution in the coming days of intense rain in Andalusia. The 1-1-2, belonging to the Andalusian Emergency Agency, attached to the Ministry of Health, Presidency and Emergencies of the Board headed by Antonio Sanz, has managed 758 incidents during the day this Monday, the majority have been due to ca…","Subitis cautionem petitis venientibus diebus pluviae in Baetica vehementes. 1-1-2, ad subitis Agency Andalusianae pertinentes, Ministerio Valetudinis, praesidentiae et Emergentiae Tabulae ab Antonio Sanz capitatae coniunctae, tractavit 758 incidents in die Lunae, plures ob ca...",https://www.abc.es/espana/andalucia/emergencias-pide-prudencia-ante-proximas-jornadas-intensas-20260202223833-nts.html,https://s3.abcstatics.com/abc/www/multimedia/espana/2026/02/02/imagen-paraguas-andaucia-U74182653771oPo-1024x512@diario_abc.jpg,http://web.archive.org/web/20260202220838/https://www.abc.es/espana/andalucia/emergencias-pide-prudencia-ante-proximas-jornadas-intensas-20260202223833-nts.html,"El 1-1-2, perteneciente a la Agencia de Emergencias de Andalucía, adscrita a la Consejería de Sanidad, Presidencia y Emergencias de la Junta que dirige Antonio Sanz, ha gestionado 758 incidencias dur… [+6099 chars]",,2026-02-13 21:02:49+00:00
8eaf316c444e72102a789b099e23e071,2026-02-03T08:47:04Z,'Capacitación comunitaria en riesgo',www.adslzone.net,es,0.3,"Rote Warnung der AEMET für morgen aufgrund von Überschwemmungen und Stürmen: In einigen Gebieten kann es 200 Liter überschreiten. Die Wetterlage bleibt auch in den nächsten Tagen instabil. So sehr, dass die AEMET in verschiedenen Teilen des Landes bereits unterschiedliche Alarmstufen ausgegeben hat. Beispielsweise wird in mehreren Gebieten Andalusiens bereits vor dem Eintreffen von bis zu mehr als 200 Litern gewarnt...",Alerta roja de la AEMET para mañana por inundaciones y tormentas: se pueden superar los 200 litros en algunas zonas,"La situación climática para los próximos días sigue siendo inestable. Tanto es así que la AEMET ya ha emitido diferentes niveles de alerta en varios puntos del país. Por ejemplo, en varias zonas de Andalucía ya se avisa de la llegada de hasta más de 200 litro…","Red alert from the AEMET for tomorrow due to floods and storms: it may exceed 200 liters in some areas. The weather situation for the next few days remains unstable. So much so that the AEMET has already issued different alert levels in various parts of the country. For example, in several areas of Andalusia there is already warning of the arrival of up to more than 200 liters...","Rubrum vigilet ab AEMET cras propter inundationes et tempestates: in aliquibus locis 200 liters potest superare. Tempestas condicio proximorum dierum instabilis manet. Adeo ut AEMET diversos gradus in variis patriae partibus iam edisset. Exempli causa, in pluribus locis Baeticae iam monitus est de adventu usque ad plus quam 200 literae...",https://www.adslzone.net/noticias/ciencia/alerta-roja-aemet-lluvias-200-litros-algunas-zonas/,https://www.adslzone.net/app/uploads-adslzone.net/2026/02/lluvia-intensa.jpg,http://web.archive.org/web/20260204073457/https://www.adslzone.net/noticias/ciencia/alerta-roja-aemet-lluvias-200-litros-algunas-zonas/,"Todas las provincias de Andalucía están en alerta. En estas, se pueden superar los 100 litros de agua fácilmente. Aunque la alerta roja está presente justamente en dos zonas del sur en las que se pue… [+3243 chars]",,2026-02-13 21:02:49+00:00
826a0d4d35e8c0f0b2f8415af503bcbf,2026-02-03T12:27:58Z,'Capacitación comunitaria en riesgo',www.eleconomista.es,es,0.3,"Almeida versichert, dass Maßnahmen ergriffen werden müssten, um ein Auftauen der Manzanares zu verhindern, wenn es weiterhin regnet: „Wir alle denken daran, was im März letzten Jahres passiert ist.“ Seit diesem Dienstag, dem 3. Februar 2026, herrscht in der Autonomen Gemeinschaft Madrid Alarmstufe Gelb wegen Schneefall im Sierra-Gebiet zwischen 1100 und 1200 Metern. Schneefall, der zum Zeitpunkt des Tauwetters die Kapazität der Stauseen beeinträchtigen könnte, die...","Almeida asegura que habría que tomar medidas por el deshielo del Manzanares si sigue lloviendo: ""Todos tenemos en la cabeza lo que sucedió en marzo del año pasado""","Desde este martes 3 de febrero de 2026, la Comunidad de Madrid se encuentra en alerta amarilla por nevadas en la zona Sierra, a partir de 1100 - 1200 metros, unas nevadas que podrían complicar, en el momento del deshielo, la capacidad de los embalses, lo que …","Almeida assures that measures would have to be taken to prevent the Manzanares thawing if it continues to rain: ""We all have in mind what happened in March of last year."" Since this Tuesday, February 3, 2026, the Community of Madrid is on yellow alert for snowfall in the Sierra area, from 1100 - 1200 meters, snowfall that could complicate, at the time of thaw, the capacity of the reservoirs, which...","Almeida promittit consilia capienda fore ut Manzanares tabidane prohibeat si pluat: ""Omnes in animo habemus quid mense Martio proximi anni factum sit"". Cum hac die Martis ante diem tertium Idus Februarias 2026, Societas Matritensis fulva vigilat ad nivem in Sierra in area, ab 1100 - 1200 metris, nix quae inpediunt, tempore thaw, capacitas piscinarum, quae...",https://www.eleconomista.es/actualidad/noticias/13758093/02/26/almeida-asegura-que-habria-que-tomar-medidas-por-el-deshielo-del-manzanares-si-sigue-lloviendo-todos-tenemos-en-la-cabeza-lo-que-sucedio-en-marzo-del-ano-pasado.html,https://s03.s3c.es/imag/_v0/1920x1048/a/1/8/1200x655_ep_alcalde_madrid_jose_luis_martinez_almeida_ofrece_declaraciones_medios.jpg,http://web.archive.org/web/20260203130555/https://www.eleconomista.es/actualidad/noticias/13758093/02/26/almeida-asegura-que-habria-que-tomar-medidas-por-el-deshielo-del-manzanares-si-sigue-lloviendo-todos-tenemos-en-la-cabeza-lo-que-sucedio-en-marzo-del-ano-pasado.html,"Desde este martes 3 de febrero de 2026, la Comunidad de Madrid se encuentra en alerta amarilla por nevadas en la zona Sierra, a partir de 1100 - 1200 metros, unas nevadas que podrían complicar, en el… [+2630 chars]",,2026-02-13 21:02:49+00:00
b15ed2e87cd0b8cd5049e9b1cc932c65,2026-02-03T14:19:00Z,'Capacitación comunitaria en riesgo',www.lavozdegalicia.es,es,0.3,In den Bergen von O Incio und O Courel hört es nie auf zu schneien. Der Unterricht an der Schule Folgoso do Courel wurde ausgesetzt,No deja de nevar en las montañas de O Incio y O Courel,Suspendidas las clases en el colegio de Folgoso do Courel,It never stops snowing in the mountains of O Incio and O Courel. Classes suspended at the Folgoso do Courel school,Numquam in montibus O Incio et O Courel ninguit. Classes suspenduntur in schola Folgoso do Courel,https://www.lavozdegalicia.es/noticia/lemos/o-incio/2026/02/03/deja-nevar-montanas-incio-courel/00031770128139528612207.htm,https://img.lavdg.com/sc/Ry4kF2nI30dG6mkkwReigKTe308=/1280x/2026/02/03/00121770128042452675352/Foto/m_20260203_145518000.jpg,,"Carlos Cortés Nuevo día de nieve en la Serra do Courel y en las áreas montañosas próximas en el sur de la provincia de Lugo. La nevada empezó ya el lunes a media tarde, al mismo tiempo que las precip… [+1686 chars]",,2026-02-13 21:02:49+00:00
56aa3655cc29f1e7ec2d7d847b5143c0,2026-02-06T13:30:00Z,'Riesgo para actividades turísticas',www.hola.com,es,0.3,"Dies ist das exklusivste Schneeziel in den italienischen Alpen, wo die Olympischen Winterspiele stattfinden. Zwischen den schneebedeckten Gipfeln der Dolomiten, sportlicher Tradition und einem anspruchsvollen Lebensstil bekräftigt dieser ikonische Ferienort, der von italienischen und internationalen Prominenten bevorzugt wird, mit der heute beginnenden Veranstaltung seinen Status und stellt ihn in den Mittelpunkt des Geschehens …",Así es el destino de nieve más exclusivo de los Alpes italianos donde se celebran los Juegos Olímpicos de Invierno,"Entre las cumbres nevadas de los Dolomitas, la tradición deportiva y un estilo de vida sofisticado, esta icónica estación, la preferida por celebridades italianas e internacionales, reafirma su estatus con la cita que arranca hoy y la sitúa en el centro de to…","This is the most exclusive snow destination in the Italian Alps where the Winter Olympic Games are held. Between the snow-capped peaks of the Dolomites, sporting tradition and a sophisticated lifestyle, this iconic resort, preferred by Italian and international celebrities, reaffirms its status with the event that starts today and places it in the center of everything…","Haec est nix maxime exclusiva destinatio in Alpibus Italicis, ubi ludi Olympia hiemalia celebrantur. Inter iugis Dolomitarum nivalium, ludicrarum traditionum et vitae urbanae vivendi ratio, haec iconica frequentatio, celebritatibus Italicis et internationalibus praefertur, statum suum confirmat ex eventu qui hodie incipit et in medio omnium ponit….",https://www.hola.com/viajes/20260206881882/alpes-italianos-cortina-dampezzo-lujo-esqui-olimpicos/,https://www.hola.com/horizon/landscape/6519bd380c5a-cortina.jpg?im=Resize=(1200),http://web.archive.org/web/20260206184513/https://www.hola.com/viajes/20260206881882/alpes-italianos-cortina-dampezzo-lujo-esqui-olimpicos/,"Durante décadas, Cortina dAmpezzo ha sido el refugio elegido por las grandes dinastías italianas Merloni, Pirelli, Agnelli, Barilla o Marzotto para sus vacaciones de invierno, muestra de la exclusivi… [+7900 chars]",,2026-02-14 04:55:23+00:00
cecef3d25403907820b362679e24865c,2026-02-12T12:42:00Z,'avalancha',www.dw.com,es,0.9,"Der Sturm fordert einen Toten und etwa 900.000 Haushalte in Frankreich ohne Strom. Eine Person starb und etwa 900.000 Haushalte in Südfrankreich sind aufgrund des Sturms Nils, der die Alarmstufe Rot für Überschwemmungen, starken Wind und Lawinen auslöste, ohne Strom. Ein Lkw-Fahrer starb in der Nacht zum Mittwoch (11.02.)",Tormenta deja un muerto y unos 900.000 hogares sin electricidad en Francia,"Una persona murió y unos 900.000 hogares están sin electricidad en el sur de Francia debido al paso de la tormenta Nils, que desencadenó alertas rojas por crecidas, fuertes vientos y avalanchas. Un conductor de camión falleció en la noche del miércoles (11.02…","Storm leaves one dead and some 900,000 homes without electricity in France. One person died and some 900,000 homes are without electricity in southern France due to the passage of Storm Nils, which triggered red alerts for floods, strong winds and avalanches. A truck driver died on Wednesday night (11.02…","Tempestas mortuum et aliquot 900,000 domos sine electricitate in Gallia relinquit. Unus homo mortuus est et quaedam 900.000 domus sine electricitate in Gallia australi ob transitum Storm Nils, quae summis rubris inundationibus, ventis validis et avalanches utitur. A salsissimus vir vivens agitator die Mercurii nocte mortuus est (11.02…",https://www.dw.com/es/tormenta-deja-un-muerto-y-unos-900000-hogares-sin-electricidad-en-francia/a-75930496,https://static.dw.com/image/72376370_6.jpg,http://web.archive.org/web/20260212135603/https://www.dw.com/es/tormenta-deja-un-muerto-y-unos-900000-hogares-sin-electricidad-en-francia/a-75930496,"Un conductor de camión falleció en la noche del miércoles (11.02.2026), tras la caída de una rama de árbol cerca de Dax, en el suroeste de Francia, donde las ráfagas superaron los 160 km/h, informó l… [+2001 chars]",,2026-02-14 04:55:23+00:00
b51c15ccd077483a5da5d8d922eab865,2026-02-12T18:52:22Z,'Protección de bosques protectores',www.europapress.es,es,0.3,"Die Küste Kantabriens steht an diesem Freitag wegen Wellen und Liébana wegen Schneefalls unter einer orangefarbenen Warnung. Der Sturm „Oriana“ wird dazu führen, dass die staatliche Wetterbehörde (AEMET) an diesem Freitag, dem 13. Februar, die orangefarbene Warnung (erhebliche Gefahr) an der Küste Kantabriens aufgrund widriger Küstenphänomene und in Liébana aufgrund von Schneefall aktiviert.",El litoral de Cantabria está este viernes en aviso naranja por oleaje y Liébana por nevadas,"La borrasca 'Oriana' hará que la Agencia Estatal de Meteorología (AEMET) active este viernes, 13 de febrero, el aviso naranja (peligro importante) en el litoral de Cantabria por fenómenos costeros adversos y en Liébana por nevadas.","The coast of Cantabria is under an orange warning this Friday due to waves and Liébana due to snowfall. The storm 'Oriana' will cause the State Meteorological Agency (AEMET) to activate this Friday, February 13, the orange warning (significant danger) on the coast of Cantabria due to adverse coastal phenomena and in Liébana due to snowfall.","Litus Cantabriae aurei monitum Veneris ob fluctus et Liébana propter nix lapsus est. Tempestas 'Oriana' rei publicae Meteorologicae Agency (AEMET) movere faciet hoc Veneris die 13 Februarii, monitio orange (periculum significans) in litore Cantabriae ob phaenomena maritima adversa et in Liébana ob nix lapsus.",https://www.europapress.es/cantabria/noticia-litoral-cantabria-viernes-aviso-naranja-oleaje-liebana-nevadas-20260212195222.html,https://img.europapress.es/fotoweb/fotonoticia_20260212195222_1200.jpg,,"SANTANDER, 12 Feb. (EUROPA PRESS) - 
 La borrasca 'Oriana' hará que la Agencia Estatal de Meteorología (AEMET) active este viernes, 13 de febrero, el aviso naranja (peligro importante) en el litoral… [+6332 chars]",,2026-02-14 08:55:54+00:00
